ar_coefficients,repetition,horizon,method,error
0.1,0,0,flattened_forecast_error,56.4469404665055
0.1,0,1,flattened_forecast_error,44.2999538558107
0.1,1,0,flattened_forecast_error,7.424568119688413
0.1,1,1,flattened_forecast_error,45.05395332240487
0.1,2,0,flattened_forecast_error,52.39854571566998
0.1,2,1,flattened_forecast_error,46.260475466149465
0.1,3,0,flattened_forecast_error,27.38420661086437
0.1,3,1,flattened_forecast_error,16.000332313127068
0.1,4,0,flattened_forecast_error,20.629662154765832
0.1,4,1,flattened_forecast_error,54.14879245751936
0.1,5,0,flattened_forecast_error,35.77237436883484
0.1,5,1,flattened_forecast_error,19.132159686678264
0.1,6,0,flattened_forecast_error,12.375373440515855
0.1,6,1,flattened_forecast_error,40.32474363597641
0.1,7,0,flattened_forecast_error,75.53389353452319
0.1,7,1,flattened_forecast_error,43.094942511633796
0.1,8,0,flattened_forecast_error,9.47703200282754
0.1,8,1,flattened_forecast_error,44.92106471212707
0.1,9,0,flattened_forecast_error,16.146079180429002
0.1,9,1,flattened_forecast_error,26.60874125341397
0.1,10,0,flattened_forecast_error,66.66865757595826
0.1,10,1,flattened_forecast_error,17.601813278979357
0.1,11,0,flattened_forecast_error,27.57664745140231
0.1,11,1,flattened_forecast_error,39.73963880540535
0.1,12,0,flattened_forecast_error,24.76836909617688
0.1,12,1,flattened_forecast_error,43.411863502625
0.1,13,0,flattened_forecast_error,13.32442334645903
0.1,13,1,flattened_forecast_error,39.693959489141456
0.1,14,0,flattened_forecast_error,25.695771101917337
0.1,14,1,flattened_forecast_error,47.54252825040954
0.1,15,0,flattened_forecast_error,24.140439346630753
0.1,15,1,flattened_forecast_error,43.07259588306195
0.1,16,0,flattened_forecast_error,21.020304161242073
0.1,16,1,flattened_forecast_error,8.11114049029699
0.1,17,0,flattened_forecast_error,16.841169879580963
0.1,17,1,flattened_forecast_error,92.74491532885209
0.1,18,0,flattened_forecast_error,55.65093851672459
0.1,18,1,flattened_forecast_error,47.28387055153218
0.1,19,0,flattened_forecast_error,12.197794382915005
0.1,19,1,flattened_forecast_error,47.71410472780552
0.1,20,0,flattened_forecast_error,17.74359625936607
0.1,20,1,flattened_forecast_error,52.245917700759094
0.1,21,0,flattened_forecast_error,31.643706546738937
0.1,21,1,flattened_forecast_error,41.142653568557805
0.1,22,0,flattened_forecast_error,20.053200037958792
0.1,22,1,flattened_forecast_error,29.004847000240826
0.1,23,0,flattened_forecast_error,10.859182467435499
0.1,23,1,flattened_forecast_error,10.26170977180399
0.1,24,0,flattened_forecast_error,27.22180078622572
0.1,24,1,flattened_forecast_error,35.67180002904867
0.1,25,0,flattened_forecast_error,14.014082796060276
0.1,25,1,flattened_forecast_error,17.567331063197535
0.1,26,0,flattened_forecast_error,5.927739420766741
0.1,26,1,flattened_forecast_error,32.711734513114635
0.1,27,0,flattened_forecast_error,14.11191139737741
0.1,27,1,flattened_forecast_error,37.20534894181024
0.1,28,0,flattened_forecast_error,31.011513230026853
0.1,28,1,flattened_forecast_error,39.66798759145014
0.1,29,0,flattened_forecast_error,37.32720046124645
0.1,29,1,flattened_forecast_error,16.47553747384269
0.1,30,0,flattened_forecast_error,17.633740203557895
0.1,30,1,flattened_forecast_error,39.332020448490134
0.1,31,0,flattened_forecast_error,28.720532758604982
0.1,31,1,flattened_forecast_error,19.84059769322873
0.1,32,0,flattened_forecast_error,12.635153329169789
0.1,32,1,flattened_forecast_error,21.19979523902726
0.1,33,0,flattened_forecast_error,62.26844547139331
0.1,33,1,flattened_forecast_error,38.33078315863632
0.1,34,0,flattened_forecast_error,34.54423465142366
0.1,34,1,flattened_forecast_error,39.660262747436974
0.1,35,0,flattened_forecast_error,17.383819704155357
0.1,35,1,flattened_forecast_error,4.4864013041150965
0.1,36,0,flattened_forecast_error,14.428302540427802
0.1,36,1,flattened_forecast_error,50.999533382923126
0.1,37,0,flattened_forecast_error,5.163124728043347
0.1,37,1,flattened_forecast_error,45.53280870646428
0.1,38,0,flattened_forecast_error,27.460733962396958
0.1,38,1,flattened_forecast_error,30.34523599402726
0.1,39,0,flattened_forecast_error,20.693972662176815
0.1,39,1,flattened_forecast_error,7.9161055583932205
0.1,40,0,flattened_forecast_error,37.63772608212091
0.1,40,1,flattened_forecast_error,40.63228005174458
0.1,41,0,flattened_forecast_error,25.44794305961149
0.1,41,1,flattened_forecast_error,26.16279991487783
0.1,42,0,flattened_forecast_error,19.344019926806478
0.1,42,1,flattened_forecast_error,5.510318349122567
0.1,43,0,flattened_forecast_error,31.90262248121974
0.1,43,1,flattened_forecast_error,15.653485062414898
0.1,44,0,flattened_forecast_error,79.40014287547035
0.1,44,1,flattened_forecast_error,21.6332697172051
0.1,45,0,flattened_forecast_error,33.108968243388595
0.1,45,1,flattened_forecast_error,33.68313471221981
0.1,46,0,flattened_forecast_error,21.595608612942403
0.1,46,1,flattened_forecast_error,39.13567685437296
0.1,47,0,flattened_forecast_error,40.132249673292165
0.1,47,1,flattened_forecast_error,36.20442567485035
0.1,48,0,flattened_forecast_error,9.67511582304746
0.1,48,1,flattened_forecast_error,20.36354761664875
0.1,49,0,flattened_forecast_error,26.364895026014743
0.1,49,1,flattened_forecast_error,22.10813501852361
0.3,0,0,flattened_forecast_error,46.93372783313302
0.3,0,1,flattened_forecast_error,34.293908716423104
0.3,1,0,flattened_forecast_error,52.210760207982446
0.3,1,1,flattened_forecast_error,11.446128296744423
0.3,2,0,flattened_forecast_error,55.82017874876622
0.3,2,1,flattened_forecast_error,45.09214243863895
0.3,3,0,flattened_forecast_error,58.11818861576666
0.3,3,1,flattened_forecast_error,29.942513255910587
0.3,4,0,flattened_forecast_error,34.37825006736342
0.3,4,1,flattened_forecast_error,30.20561318973387
0.3,5,0,flattened_forecast_error,33.81401599020355
0.3,5,1,flattened_forecast_error,14.755984969777222
0.3,6,0,flattened_forecast_error,10.896948022383427
0.3,6,1,flattened_forecast_error,2.391723323227682
0.3,7,0,flattened_forecast_error,17.016286932252104
0.3,7,1,flattened_forecast_error,17.571631569076995
0.3,8,0,flattened_forecast_error,48.054545817807586
0.3,8,1,flattened_forecast_error,16.69632029012264
0.3,9,0,flattened_forecast_error,62.35152413050564
0.3,9,1,flattened_forecast_error,8.720834783540692
0.3,10,0,flattened_forecast_error,62.157963005315324
0.3,10,1,flattened_forecast_error,46.001990396847084
0.3,11,0,flattened_forecast_error,16.76321487218778
0.3,11,1,flattened_forecast_error,24.383878555165513
0.3,12,0,flattened_forecast_error,42.34364232833976
0.3,12,1,flattened_forecast_error,32.55100282364542
0.3,13,0,flattened_forecast_error,16.031425684672964
0.3,13,1,flattened_forecast_error,16.96829990852431
0.3,14,0,flattened_forecast_error,12.09502471169534
0.3,14,1,flattened_forecast_error,33.65752710003521
0.3,15,0,flattened_forecast_error,7.774075070869715
0.3,15,1,flattened_forecast_error,19.12311410425121
0.3,16,0,flattened_forecast_error,30.858075330949706
0.3,16,1,flattened_forecast_error,55.32015835177792
0.3,17,0,flattened_forecast_error,44.63088520807993
0.3,17,1,flattened_forecast_error,44.26146062941472
0.3,18,0,flattened_forecast_error,61.95725219487704
0.3,18,1,flattened_forecast_error,38.22275686810911
0.3,19,0,flattened_forecast_error,43.20034508113943
0.3,19,1,flattened_forecast_error,32.78725530386372
0.3,20,0,flattened_forecast_error,21.655191126769903
0.3,20,1,flattened_forecast_error,36.2487565799826
0.3,21,0,flattened_forecast_error,15.695920182334536
0.3,21,1,flattened_forecast_error,13.707059548954867
0.3,22,0,flattened_forecast_error,25.184464133352954
0.3,22,1,flattened_forecast_error,17.319752380596057
0.3,23,0,flattened_forecast_error,7.054103668197816
0.3,23,1,flattened_forecast_error,37.78192903183962
0.3,24,0,flattened_forecast_error,18.97660411182026
0.3,24,1,flattened_forecast_error,40.45085110827557
0.3,25,0,flattened_forecast_error,83.53220621288519
0.3,25,1,flattened_forecast_error,48.68704211028266
0.3,26,0,flattened_forecast_error,17.621788666040903
0.3,26,1,flattened_forecast_error,12.563795233582876
0.3,27,0,flattened_forecast_error,24.865827017053295
0.3,27,1,flattened_forecast_error,28.74404115688255
0.3,28,0,flattened_forecast_error,57.352570757438635
0.3,28,1,flattened_forecast_error,15.661997025734507
0.3,29,0,flattened_forecast_error,33.50017222419072
0.3,29,1,flattened_forecast_error,26.968923942852413
0.3,30,0,flattened_forecast_error,33.79432177272236
0.3,30,1,flattened_forecast_error,10.674316411488258
0.3,31,0,flattened_forecast_error,56.71158377340521
0.3,31,1,flattened_forecast_error,28.837021446391827
0.3,32,0,flattened_forecast_error,6.444025259104943
0.3,32,1,flattened_forecast_error,59.02408808273993
0.3,33,0,flattened_forecast_error,13.819494255939968
0.3,33,1,flattened_forecast_error,29.326341623253782
0.3,34,0,flattened_forecast_error,2.640207641203278
0.3,34,1,flattened_forecast_error,32.828311813942925
0.3,35,0,flattened_forecast_error,28.912555591136435
0.3,35,1,flattened_forecast_error,18.630234983971135
0.3,36,0,flattened_forecast_error,14.668877101989482
0.3,36,1,flattened_forecast_error,28.980973812290674
0.3,37,0,flattened_forecast_error,24.550648420407573
0.3,37,1,flattened_forecast_error,13.276059940738483
0.3,38,0,flattened_forecast_error,19.65537656410898
0.3,38,1,flattened_forecast_error,17.134428743337196
0.3,39,0,flattened_forecast_error,40.327679295434706
0.3,39,1,flattened_forecast_error,37.63640490544519
0.3,40,0,flattened_forecast_error,23.921890228330042
0.3,40,1,flattened_forecast_error,46.17553479072891
0.3,41,0,flattened_forecast_error,28.00996635159492
0.3,41,1,flattened_forecast_error,16.340360317650916
0.3,42,0,flattened_forecast_error,64.04088000495219
0.3,42,1,flattened_forecast_error,9.831229890024895
0.3,43,0,flattened_forecast_error,27.47899811424631
0.3,43,1,flattened_forecast_error,34.956903233537986
0.3,44,0,flattened_forecast_error,28.261893057383674
0.3,44,1,flattened_forecast_error,11.029525750047492
0.3,45,0,flattened_forecast_error,67.8123839873285
0.3,45,1,flattened_forecast_error,13.228976124313627
0.3,46,0,flattened_forecast_error,24.877158782549294
0.3,46,1,flattened_forecast_error,5.209557296923525
0.3,47,0,flattened_forecast_error,109.71085954306221
0.3,47,1,flattened_forecast_error,57.222041927402984
0.3,48,0,flattened_forecast_error,22.993502854299603
0.3,48,1,flattened_forecast_error,23.960183835082272
0.3,49,0,flattened_forecast_error,29.65031150755954
0.3,49,1,flattened_forecast_error,20.308092439497912
0.5,0,0,flattened_forecast_error,21.976321865257425
0.5,0,1,flattened_forecast_error,25.510290030478394
0.5,1,0,flattened_forecast_error,99.11455436680542
0.5,1,1,flattened_forecast_error,65.34917537295902
0.5,2,0,flattened_forecast_error,25.858353918067102
0.5,2,1,flattened_forecast_error,78.06155757276527
0.5,3,0,flattened_forecast_error,32.6226586739375
0.5,3,1,flattened_forecast_error,22.46381391422015
0.5,4,0,flattened_forecast_error,33.96986874404273
0.5,4,1,flattened_forecast_error,32.496913247831785
0.5,5,0,flattened_forecast_error,22.96881247141053
0.5,5,1,flattened_forecast_error,52.220757193274366
0.5,6,0,flattened_forecast_error,33.75050281601927
0.5,6,1,flattened_forecast_error,54.85520115045236
0.5,7,0,flattened_forecast_error,58.155756647139995
0.5,7,1,flattened_forecast_error,50.13523557210649
0.5,8,0,flattened_forecast_error,16.34435458055361
0.5,8,1,flattened_forecast_error,22.231023347688637
0.5,9,0,flattened_forecast_error,6.623261789588357
0.5,9,1,flattened_forecast_error,9.436221771399067
0.5,10,0,flattened_forecast_error,28.565509496421853
0.5,10,1,flattened_forecast_error,39.73530336059902
0.5,11,0,flattened_forecast_error,27.00390550390374
0.5,11,1,flattened_forecast_error,23.557059025464095
0.5,12,0,flattened_forecast_error,23.66307904574206
0.5,12,1,flattened_forecast_error,25.81626030590545
0.5,13,0,flattened_forecast_error,48.02602160069782
0.5,13,1,flattened_forecast_error,32.03678094641288
0.5,14,0,flattened_forecast_error,54.770828784246575
0.5,14,1,flattened_forecast_error,11.447689627892778
0.5,15,0,flattened_forecast_error,55.54911731289887
0.5,15,1,flattened_forecast_error,35.35734719581066
0.5,16,0,flattened_forecast_error,72.50986942862798
0.5,16,1,flattened_forecast_error,50.265245274870395
0.5,17,0,flattened_forecast_error,44.567735370878644
0.5,17,1,flattened_forecast_error,77.8363288977682
0.5,18,0,flattened_forecast_error,92.46669934409135
0.5,18,1,flattened_forecast_error,53.58529763036678
0.5,19,0,flattened_forecast_error,42.19436385269023
0.5,19,1,flattened_forecast_error,25.816722101447496
0.5,20,0,flattened_forecast_error,41.29822473894334
0.5,20,1,flattened_forecast_error,22.447146953695785
0.5,21,0,flattened_forecast_error,24.76462137805628
0.5,21,1,flattened_forecast_error,20.844981539365396
0.5,22,0,flattened_forecast_error,25.982040082631976
0.5,22,1,flattened_forecast_error,43.306246329069296
0.5,23,0,flattened_forecast_error,7.6780538344114415
0.5,23,1,flattened_forecast_error,14.967162661839977
0.5,24,0,flattened_forecast_error,20.187065632860584
0.5,24,1,flattened_forecast_error,31.747325038836554
0.5,25,0,flattened_forecast_error,37.18563017198016
0.5,25,1,flattened_forecast_error,25.10862421296926
0.5,26,0,flattened_forecast_error,59.626472102641856
0.5,26,1,flattened_forecast_error,17.746377329899186
0.5,27,0,flattened_forecast_error,42.53009687120949
0.5,27,1,flattened_forecast_error,21.26955686277562
0.5,28,0,flattened_forecast_error,9.836042077806594
0.5,28,1,flattened_forecast_error,32.01345957624504
0.5,29,0,flattened_forecast_error,63.18072422135735
0.5,29,1,flattened_forecast_error,47.226641320706385
0.5,30,0,flattened_forecast_error,76.57610130873034
0.5,30,1,flattened_forecast_error,63.73510592015668
0.5,31,0,flattened_forecast_error,29.099934071622265
0.5,31,1,flattened_forecast_error,14.534217728977605
0.5,32,0,flattened_forecast_error,5.9849020130383215
0.5,32,1,flattened_forecast_error,51.14498601541085
0.5,33,0,flattened_forecast_error,94.47988646801899
0.5,33,1,flattened_forecast_error,79.36298834932816
0.5,34,0,flattened_forecast_error,21.676326480164843
0.5,34,1,flattened_forecast_error,63.66115088257956
0.5,35,0,flattened_forecast_error,32.156449793319496
0.5,35,1,flattened_forecast_error,66.80219406642404
0.5,36,0,flattened_forecast_error,74.38783597934484
0.5,36,1,flattened_forecast_error,63.753307635048074
0.5,37,0,flattened_forecast_error,24.907332992750252
0.5,37,1,flattened_forecast_error,6.759431583467759
0.5,38,0,flattened_forecast_error,28.54583950810577
0.5,38,1,flattened_forecast_error,45.91553988121469
0.5,39,0,flattened_forecast_error,9.961321690356906
0.5,39,1,flattened_forecast_error,32.81184630590843
0.5,40,0,flattened_forecast_error,16.02641586398593
0.5,40,1,flattened_forecast_error,35.34405301794915
0.5,41,0,flattened_forecast_error,27.239209863196592
0.5,41,1,flattened_forecast_error,51.14554302855192
0.5,42,0,flattened_forecast_error,14.672430197354329
0.5,42,1,flattened_forecast_error,18.867750925146826
0.5,43,0,flattened_forecast_error,26.028076041932913
0.5,43,1,flattened_forecast_error,50.88510350256201
0.5,44,0,flattened_forecast_error,100.77425283763407
0.5,44,1,flattened_forecast_error,59.21435596412972
0.5,45,0,flattened_forecast_error,49.21650474083417
0.5,45,1,flattened_forecast_error,26.990105854189885
0.5,46,0,flattened_forecast_error,51.8233920171438
0.5,46,1,flattened_forecast_error,13.116299877894809
0.5,47,0,flattened_forecast_error,6.832064318513603
0.5,47,1,flattened_forecast_error,50.83726114098198
0.5,48,0,flattened_forecast_error,44.7910414176802
0.5,48,1,flattened_forecast_error,37.495320609843766
0.5,49,0,flattened_forecast_error,36.47684251515651
0.5,49,1,flattened_forecast_error,20.83205611280601
0.7,0,0,flattened_forecast_error,43.69644995748402
0.7,0,1,flattened_forecast_error,34.40364745783295
0.7,1,0,flattened_forecast_error,26.943070234517137
0.7,1,1,flattened_forecast_error,3.234374199123684
0.7,2,0,flattened_forecast_error,42.22264868465998
0.7,2,1,flattened_forecast_error,39.14568843045396
0.7,3,0,flattened_forecast_error,53.201256277556865
0.7,3,1,flattened_forecast_error,32.68579763918385
0.7,4,0,flattened_forecast_error,59.77956937037707
0.7,4,1,flattened_forecast_error,49.04651484460458
0.7,5,0,flattened_forecast_error,43.83740939135866
0.7,5,1,flattened_forecast_error,21.787362909195434
0.7,6,0,flattened_forecast_error,11.68289252101885
0.7,6,1,flattened_forecast_error,18.735636124050053
0.7,7,0,flattened_forecast_error,35.44721980324164
0.7,7,1,flattened_forecast_error,66.09333804678405
0.7,8,0,flattened_forecast_error,48.62539519121433
0.7,8,1,flattened_forecast_error,68.02076097267314
0.7,9,0,flattened_forecast_error,41.53914546715788
0.7,9,1,flattened_forecast_error,32.75651290308128
0.7,10,0,flattened_forecast_error,64.18128298477222
0.7,10,1,flattened_forecast_error,128.67565817414174
0.7,11,0,flattened_forecast_error,72.38567114192462
0.7,11,1,flattened_forecast_error,27.361330137215788
0.7,12,0,flattened_forecast_error,19.69412893932563
0.7,12,1,flattened_forecast_error,47.4339645285072
0.7,13,0,flattened_forecast_error,45.65479008463818
0.7,13,1,flattened_forecast_error,27.45386980022525
0.7,14,0,flattened_forecast_error,34.12480019085236
0.7,14,1,flattened_forecast_error,49.58999238957026
0.7,15,0,flattened_forecast_error,21.98143095921448
0.7,15,1,flattened_forecast_error,29.457339254559987
0.7,16,0,flattened_forecast_error,59.19276677114018
0.7,16,1,flattened_forecast_error,35.826589706815255
0.7,17,0,flattened_forecast_error,57.54260360625249
0.7,17,1,flattened_forecast_error,31.78103289108182
0.7,18,0,flattened_forecast_error,41.63005644042116
0.7,18,1,flattened_forecast_error,32.364450869791156
0.7,19,0,flattened_forecast_error,34.807518383270484
0.7,19,1,flattened_forecast_error,32.34607609311094
0.7,20,0,flattened_forecast_error,21.378088380865925
0.7,20,1,flattened_forecast_error,30.235167526803362
0.7,21,0,flattened_forecast_error,34.4541969442813
0.7,21,1,flattened_forecast_error,51.14063831541619
0.7,22,0,flattened_forecast_error,119.24228359412008
0.7,22,1,flattened_forecast_error,104.98483414564491
0.7,23,0,flattened_forecast_error,22.829311821742998
0.7,23,1,flattened_forecast_error,33.04160890766003
0.7,24,0,flattened_forecast_error,72.47805418482346
0.7,24,1,flattened_forecast_error,44.18128166951342
0.7,25,0,flattened_forecast_error,77.64334540461283
0.7,25,1,flattened_forecast_error,17.92546124822567
0.7,26,0,flattened_forecast_error,20.429736957289958
0.7,26,1,flattened_forecast_error,33.80727437125156
0.7,27,0,flattened_forecast_error,43.183614228142225
0.7,27,1,flattened_forecast_error,72.51568489748276
0.7,28,0,flattened_forecast_error,40.6765653945083
0.7,28,1,flattened_forecast_error,17.230524153307506
0.7,29,0,flattened_forecast_error,51.66464194259147
0.7,29,1,flattened_forecast_error,77.89900827928241
0.7,30,0,flattened_forecast_error,34.91049802269119
0.7,30,1,flattened_forecast_error,26.041203547618235
0.7,31,0,flattened_forecast_error,71.20313336403657
0.7,31,1,flattened_forecast_error,77.39267252347045
0.7,32,0,flattened_forecast_error,54.86693691682534
0.7,32,1,flattened_forecast_error,115.05408205405905
0.7,33,0,flattened_forecast_error,8.73151669037297
0.7,33,1,flattened_forecast_error,39.39602299880037
0.7,34,0,flattened_forecast_error,2.3559696943752018
0.7,34,1,flattened_forecast_error,20.654085914401712
0.7,35,0,flattened_forecast_error,18.133981700285076
0.7,35,1,flattened_forecast_error,23.494326583303454
0.7,36,0,flattened_forecast_error,28.331495617386867
0.7,36,1,flattened_forecast_error,11.840831777265647
0.7,37,0,flattened_forecast_error,65.49062600980332
0.7,37,1,flattened_forecast_error,86.05539272723551
0.7,38,0,flattened_forecast_error,51.820464978618766
0.7,38,1,flattened_forecast_error,57.91019969518364
0.7,39,0,flattened_forecast_error,67.0253599440427
0.7,39,1,flattened_forecast_error,47.86889333667029
0.7,40,0,flattened_forecast_error,114.19906095040074
0.7,40,1,flattened_forecast_error,35.31931819594167
0.7,41,0,flattened_forecast_error,38.17051276095039
0.7,41,1,flattened_forecast_error,56.73964490549732
0.7,42,0,flattened_forecast_error,133.44111268417498
0.7,42,1,flattened_forecast_error,62.535162201213595
0.7,43,0,flattened_forecast_error,16.185898594816024
0.7,43,1,flattened_forecast_error,49.31146957663737
0.7,44,0,flattened_forecast_error,39.30344681168261
0.7,44,1,flattened_forecast_error,47.51719820887869
0.7,45,0,flattened_forecast_error,58.65065167059548
0.7,45,1,flattened_forecast_error,108.15236660203955
0.7,46,0,flattened_forecast_error,33.27265559826333
0.7,46,1,flattened_forecast_error,37.5508412084355
0.7,47,0,flattened_forecast_error,26.523715700866155
0.7,47,1,flattened_forecast_error,22.862405913057636
0.7,48,0,flattened_forecast_error,45.05289005575013
0.7,48,1,flattened_forecast_error,26.452019793086393
0.7,49,0,flattened_forecast_error,67.53080573538641
0.7,49,1,flattened_forecast_error,57.15996457427659
0.9,0,0,flattened_forecast_error,56.381932339944974
0.9,0,1,flattened_forecast_error,49.00757469083919
0.9,1,0,flattened_forecast_error,74.74565758388455
0.9,1,1,flattened_forecast_error,84.8117998920597
0.9,2,0,flattened_forecast_error,84.54247994055589
0.9,2,1,flattened_forecast_error,90.0486534097837
0.9,3,0,flattened_forecast_error,72.97246103543645
0.9,3,1,flattened_forecast_error,71.76956401565073
0.9,4,0,flattened_forecast_error,15.860090052528067
0.9,4,1,flattened_forecast_error,13.988957728439553
0.9,5,0,flattened_forecast_error,40.48903027459557
0.9,5,1,flattened_forecast_error,34.030770453000216
0.9,6,0,flattened_forecast_error,83.75315774820164
0.9,6,1,flattened_forecast_error,141.1522105942381
0.9,7,0,flattened_forecast_error,93.19450782675744
0.9,7,1,flattened_forecast_error,62.38245819657224
0.9,8,0,flattened_forecast_error,46.819632312872535
0.9,8,1,flattened_forecast_error,49.912730204676954
0.9,9,0,flattened_forecast_error,18.843998953210903
0.9,9,1,flattened_forecast_error,42.07808705356394
0.9,10,0,flattened_forecast_error,116.07527316405816
0.9,10,1,flattened_forecast_error,90.73083187491225
0.9,11,0,flattened_forecast_error,68.81405072108512
0.9,11,1,flattened_forecast_error,4.617298860676964
0.9,12,0,flattened_forecast_error,78.45074413914453
0.9,12,1,flattened_forecast_error,70.26855603404613
0.9,13,0,flattened_forecast_error,28.966500205063667
0.9,13,1,flattened_forecast_error,43.08908224864405
0.9,14,0,flattened_forecast_error,49.65145027945897
0.9,14,1,flattened_forecast_error,73.06192262338145
0.9,15,0,flattened_forecast_error,68.95517112612907
0.9,15,1,flattened_forecast_error,79.50351509202655
0.9,16,0,flattened_forecast_error,198.5634277201833
0.9,16,1,flattened_forecast_error,177.96182827279745
0.9,17,0,flattened_forecast_error,18.60655756972654
0.9,17,1,flattened_forecast_error,17.33691083375463
0.9,18,0,flattened_forecast_error,48.35473215902491
0.9,18,1,flattened_forecast_error,72.63708756090631
0.9,19,0,flattened_forecast_error,198.396801931813
0.9,19,1,flattened_forecast_error,175.1101114942721
0.9,20,0,flattened_forecast_error,90.4956434791337
0.9,20,1,flattened_forecast_error,140.94378620290175
0.9,21,0,flattened_forecast_error,144.47168446779744
0.9,21,1,flattened_forecast_error,107.21743166646684
0.9,22,0,flattened_forecast_error,12.680254394632197
0.9,22,1,flattened_forecast_error,23.412819029301502
0.9,23,0,flattened_forecast_error,79.62707699992889
0.9,23,1,flattened_forecast_error,95.06065695309691
0.9,24,0,flattened_forecast_error,156.46955258399333
0.9,24,1,flattened_forecast_error,117.7354602657812
0.9,25,0,flattened_forecast_error,64.85144595243816
0.9,25,1,flattened_forecast_error,58.6279367857135
0.9,26,0,flattened_forecast_error,32.8707905363014
0.9,26,1,flattened_forecast_error,52.16577022607868
0.9,27,0,flattened_forecast_error,43.186836286124375
0.9,27,1,flattened_forecast_error,30.688248273120582
0.9,28,0,flattened_forecast_error,164.53931224435445
0.9,28,1,flattened_forecast_error,133.94764160822658
0.9,29,0,flattened_forecast_error,35.744613205695565
0.9,29,1,flattened_forecast_error,47.867772645684276
0.9,30,0,flattened_forecast_error,41.64956965451409
0.9,30,1,flattened_forecast_error,41.03711172110964
0.9,31,0,flattened_forecast_error,176.41116396272184
0.9,31,1,flattened_forecast_error,196.15285973540904
0.9,32,0,flattened_forecast_error,64.18295439115415
0.9,32,1,flattened_forecast_error,69.67665184620921
0.9,33,0,flattened_forecast_error,114.46345169387995
0.9,33,1,flattened_forecast_error,95.22901018132434
0.9,34,0,flattened_forecast_error,43.45344683035172
0.9,34,1,flattened_forecast_error,18.962512362318513
0.9,35,0,flattened_forecast_error,89.45462142940353
0.9,35,1,flattened_forecast_error,79.29179376015175
0.9,36,0,flattened_forecast_error,31.028924900288708
0.9,36,1,flattened_forecast_error,57.79539879623601
0.9,37,0,flattened_forecast_error,27.23148320268933
0.9,37,1,flattened_forecast_error,36.22975458987115
0.9,38,0,flattened_forecast_error,101.08799956189985
0.9,38,1,flattened_forecast_error,103.00730185556306
0.9,39,0,flattened_forecast_error,23.174408286251143
0.9,39,1,flattened_forecast_error,33.31031720410992
0.9,40,0,flattened_forecast_error,70.00779020749356
0.9,40,1,flattened_forecast_error,52.418115078280806
0.9,41,0,flattened_forecast_error,51.07514964195963
0.9,41,1,flattened_forecast_error,84.3914824358338
0.9,42,0,flattened_forecast_error,112.8615898118971
0.9,42,1,flattened_forecast_error,95.82329103402975
0.9,43,0,flattened_forecast_error,50.38618602294541
0.9,43,1,flattened_forecast_error,75.43704709431974
0.9,44,0,flattened_forecast_error,129.92734068879298
0.9,44,1,flattened_forecast_error,138.9818209619044
0.9,45,0,flattened_forecast_error,38.63900615561819
0.9,45,1,flattened_forecast_error,42.011044976503634
0.9,46,0,flattened_forecast_error,39.76044570611161
0.9,46,1,flattened_forecast_error,36.13048408896123
0.9,47,0,flattened_forecast_error,41.988741142355174
0.9,47,1,flattened_forecast_error,48.08156627674268
0.9,48,0,flattened_forecast_error,125.33594090462036
0.9,48,1,flattened_forecast_error,168.71912013987878
0.9,49,0,flattened_forecast_error,66.18124886633322
0.9,49,1,flattened_forecast_error,17.493904764985007
0.1,0,0,tPCA_forecast_error,58.19274861009525
0.1,0,1,tPCA_forecast_error,42.459974833685685
0.1,1,0,tPCA_forecast_error,5.445964479440598
0.1,1,1,tPCA_forecast_error,53.29585123649668
0.1,2,0,tPCA_forecast_error,51.10889844211526
0.1,2,1,tPCA_forecast_error,48.3642157815709
0.1,3,0,tPCA_forecast_error,21.515065603573955
0.1,3,1,tPCA_forecast_error,21.394776691910064
0.1,4,0,tPCA_forecast_error,25.72050256613066
0.1,4,1,tPCA_forecast_error,53.51679556778593
0.1,5,0,tPCA_forecast_error,38.00894931297572
0.1,5,1,tPCA_forecast_error,23.343152129672685
0.1,6,0,tPCA_forecast_error,2.1455967896626955
0.1,6,1,tPCA_forecast_error,39.00562611228045
0.1,7,0,tPCA_forecast_error,95.39555960300393
0.1,7,1,tPCA_forecast_error,47.07700544538687
0.1,8,0,tPCA_forecast_error,20.013684525689957
0.1,8,1,tPCA_forecast_error,41.7234900756003
0.1,9,0,tPCA_forecast_error,19.28859909507356
0.1,9,1,tPCA_forecast_error,26.415803422568835
0.1,10,0,tPCA_forecast_error,59.02152181978599
0.1,10,1,tPCA_forecast_error,14.501439144208975
0.1,11,0,tPCA_forecast_error,34.93531742916404
0.1,11,1,tPCA_forecast_error,42.598593414670034
0.1,12,0,tPCA_forecast_error,25.083837804253147
0.1,12,1,tPCA_forecast_error,48.682526704215974
0.1,13,0,tPCA_forecast_error,14.720138498459884
0.1,13,1,tPCA_forecast_error,44.59836171465323
0.1,14,0,tPCA_forecast_error,31.26961154950234
0.1,14,1,tPCA_forecast_error,41.38800755634939
0.1,15,0,tPCA_forecast_error,28.1707377718491
0.1,15,1,tPCA_forecast_error,40.365543566163055
0.1,16,0,tPCA_forecast_error,24.182651738330765
0.1,16,1,tPCA_forecast_error,8.82280896854862
0.1,17,0,tPCA_forecast_error,14.729900370557136
0.1,17,1,tPCA_forecast_error,94.11720405084529
0.1,18,0,tPCA_forecast_error,42.97412911023282
0.1,18,1,tPCA_forecast_error,49.09590929915352
0.1,19,0,tPCA_forecast_error,25.21169335252128
0.1,19,1,tPCA_forecast_error,42.851378886050846
0.1,20,0,tPCA_forecast_error,30.085028165292076
0.1,20,1,tPCA_forecast_error,51.999506648723916
0.1,21,0,tPCA_forecast_error,33.504422565181294
0.1,21,1,tPCA_forecast_error,45.09007671991753
0.1,22,0,tPCA_forecast_error,34.877155344106946
0.1,22,1,tPCA_forecast_error,40.90904345672226
0.1,23,0,tPCA_forecast_error,18.498987590216977
0.1,23,1,tPCA_forecast_error,7.812388089861414
0.1,24,0,tPCA_forecast_error,30.862493376624673
0.1,24,1,tPCA_forecast_error,39.95733564066371
0.1,25,0,tPCA_forecast_error,18.300624837151286
0.1,25,1,tPCA_forecast_error,19.925183910098326
0.1,26,0,tPCA_forecast_error,0.5062503587041357
0.1,26,1,tPCA_forecast_error,35.85045387020773
0.1,27,0,tPCA_forecast_error,7.321052276541127
0.1,27,1,tPCA_forecast_error,44.53538690613412
0.1,28,0,tPCA_forecast_error,50.72669710975597
0.1,28,1,tPCA_forecast_error,64.3851942466223
0.1,29,0,tPCA_forecast_error,38.54947271026602
0.1,29,1,tPCA_forecast_error,12.352034662070517
0.1,30,0,tPCA_forecast_error,18.3447174127224
0.1,30,1,tPCA_forecast_error,48.31575231835218
0.1,31,0,tPCA_forecast_error,12.995615965796027
0.1,31,1,tPCA_forecast_error,23.281602333366106
0.1,32,0,tPCA_forecast_error,14.299413732694227
0.1,32,1,tPCA_forecast_error,20.17112053372092
0.1,33,0,tPCA_forecast_error,62.90927503048791
0.1,33,1,tPCA_forecast_error,39.999383013472574
0.1,34,0,tPCA_forecast_error,38.2180067981953
0.1,34,1,tPCA_forecast_error,35.155783001938254
0.1,35,0,tPCA_forecast_error,19.221050544088406
0.1,35,1,tPCA_forecast_error,3.4161220054896893
0.1,36,0,tPCA_forecast_error,11.049799194736421
0.1,36,1,tPCA_forecast_error,47.68294726677192
0.1,37,0,tPCA_forecast_error,15.836320405975497
0.1,37,1,tPCA_forecast_error,55.739554269678976
0.1,38,0,tPCA_forecast_error,28.191712321352245
0.1,38,1,tPCA_forecast_error,31.9115513025101
0.1,39,0,tPCA_forecast_error,20.59051528451575
0.1,39,1,tPCA_forecast_error,4.067881888838064
0.1,40,0,tPCA_forecast_error,40.71540683975659
0.1,40,1,tPCA_forecast_error,48.3963122671667
0.1,41,0,tPCA_forecast_error,34.30130067974148
0.1,41,1,tPCA_forecast_error,34.268135450539916
0.1,42,0,tPCA_forecast_error,20.63217552569834
0.1,42,1,tPCA_forecast_error,10.829320617021391
0.1,43,0,tPCA_forecast_error,29.303653370020815
0.1,43,1,tPCA_forecast_error,18.141756585213084
0.1,44,0,tPCA_forecast_error,70.23609161243397
0.1,44,1,tPCA_forecast_error,27.287152713710697
0.1,45,0,tPCA_forecast_error,42.13967267833047
0.1,45,1,tPCA_forecast_error,35.536811779099125
0.1,46,0,tPCA_forecast_error,38.70092558925742
0.1,46,1,tPCA_forecast_error,36.114065408361654
0.1,47,0,tPCA_forecast_error,42.342439490692676
0.1,47,1,tPCA_forecast_error,36.74713614944604
0.1,48,0,tPCA_forecast_error,13.454889058054576
0.1,48,1,tPCA_forecast_error,25.390141729378627
0.1,49,0,tPCA_forecast_error,38.83360401787759
0.1,49,1,tPCA_forecast_error,18.622450999675973
0.3,0,0,tPCA_forecast_error,43.970961139104
0.3,0,1,tPCA_forecast_error,34.17739630443081
0.3,1,0,tPCA_forecast_error,63.7566970294703
0.3,1,1,tPCA_forecast_error,14.945147269616141
0.3,2,0,tPCA_forecast_error,59.65228653393186
0.3,2,1,tPCA_forecast_error,25.667038252287472
0.3,3,0,tPCA_forecast_error,48.622305551591204
0.3,3,1,tPCA_forecast_error,27.795179682340812
0.3,4,0,tPCA_forecast_error,39.927928558825535
0.3,4,1,tPCA_forecast_error,28.20279302051374
0.3,5,0,tPCA_forecast_error,35.06818422846334
0.3,5,1,tPCA_forecast_error,20.160816915685118
0.3,6,0,tPCA_forecast_error,34.907422339168406
0.3,6,1,tPCA_forecast_error,11.417440349779978
0.3,7,0,tPCA_forecast_error,16.37435009341971
0.3,7,1,tPCA_forecast_error,17.16763542036565
0.3,8,0,tPCA_forecast_error,44.51063485893281
0.3,8,1,tPCA_forecast_error,14.177275446461776
0.3,9,0,tPCA_forecast_error,61.826497538404524
0.3,9,1,tPCA_forecast_error,7.125582990713727
0.3,10,0,tPCA_forecast_error,62.72130672071067
0.3,10,1,tPCA_forecast_error,42.831190327507315
0.3,11,0,tPCA_forecast_error,14.224219448930674
0.3,11,1,tPCA_forecast_error,23.338194102792183
0.3,12,0,tPCA_forecast_error,42.92491568514403
0.3,12,1,tPCA_forecast_error,34.02242287772792
0.3,13,0,tPCA_forecast_error,18.443353166894543
0.3,13,1,tPCA_forecast_error,19.649162845885265
0.3,14,0,tPCA_forecast_error,13.110060240815747
0.3,14,1,tPCA_forecast_error,40.03463933163492
0.3,15,0,tPCA_forecast_error,8.743754388401562
0.3,15,1,tPCA_forecast_error,15.363880390246921
0.3,16,0,tPCA_forecast_error,20.842312444833645
0.3,16,1,tPCA_forecast_error,49.32820140154106
0.3,17,0,tPCA_forecast_error,52.11559441481441
0.3,17,1,tPCA_forecast_error,41.36207040154117
0.3,18,0,tPCA_forecast_error,54.02291848720254
0.3,18,1,tPCA_forecast_error,32.01051916145175
0.3,19,0,tPCA_forecast_error,56.09531957362026
0.3,19,1,tPCA_forecast_error,44.20364506699602
0.3,20,0,tPCA_forecast_error,24.00064034417541
0.3,20,1,tPCA_forecast_error,35.96511171806794
0.3,21,0,tPCA_forecast_error,27.903146604746688
0.3,21,1,tPCA_forecast_error,10.20003557240364
0.3,22,0,tPCA_forecast_error,27.11724327358035
0.3,22,1,tPCA_forecast_error,6.758075340482799
0.3,23,0,tPCA_forecast_error,13.540978206133003
0.3,23,1,tPCA_forecast_error,44.09135409877552
0.3,24,0,tPCA_forecast_error,12.773332052364276
0.3,24,1,tPCA_forecast_error,37.73207345778123
0.3,25,0,tPCA_forecast_error,63.78168790159249
0.3,25,1,tPCA_forecast_error,55.9282898627378
0.3,26,0,tPCA_forecast_error,14.656101251349682
0.3,26,1,tPCA_forecast_error,18.50285340994649
0.3,27,0,tPCA_forecast_error,30.89547578799075
0.3,27,1,tPCA_forecast_error,33.38507168265475
0.3,28,0,tPCA_forecast_error,57.39896519974586
0.3,28,1,tPCA_forecast_error,16.25110950777283
0.3,29,0,tPCA_forecast_error,9.708846604498284
0.3,29,1,tPCA_forecast_error,27.29775074814355
0.3,30,0,tPCA_forecast_error,32.31170535745647
0.3,30,1,tPCA_forecast_error,4.778807761935002
0.3,31,0,tPCA_forecast_error,38.90802432108262
0.3,31,1,tPCA_forecast_error,33.04684418520429
0.3,32,0,tPCA_forecast_error,20.564178057385266
0.3,32,1,tPCA_forecast_error,55.699454880542255
0.3,33,0,tPCA_forecast_error,14.005989438061595
0.3,33,1,tPCA_forecast_error,41.23077346698159
0.3,34,0,tPCA_forecast_error,4.471182548250624
0.3,34,1,tPCA_forecast_error,33.54024741163314
0.3,35,0,tPCA_forecast_error,24.625274153707817
0.3,35,1,tPCA_forecast_error,14.689645392020415
0.3,36,0,tPCA_forecast_error,23.506553176780276
0.3,36,1,tPCA_forecast_error,32.72359443027833
0.3,37,0,tPCA_forecast_error,23.685535292443078
0.3,37,1,tPCA_forecast_error,31.1993038137882
0.3,38,0,tPCA_forecast_error,12.315219081960748
0.3,38,1,tPCA_forecast_error,10.494613756114024
0.3,39,0,tPCA_forecast_error,27.0319704062454
0.3,39,1,tPCA_forecast_error,26.78312070828219
0.3,40,0,tPCA_forecast_error,17.917748114449825
0.3,40,1,tPCA_forecast_error,39.59406498293197
0.3,41,0,tPCA_forecast_error,35.53411516403071
0.3,41,1,tPCA_forecast_error,22.559378649607975
0.3,42,0,tPCA_forecast_error,69.71195589714247
0.3,42,1,tPCA_forecast_error,5.726363187638437
0.3,43,0,tPCA_forecast_error,25.71421868110307
0.3,43,1,tPCA_forecast_error,35.30812749805242
0.3,44,0,tPCA_forecast_error,29.89596857035329
0.3,44,1,tPCA_forecast_error,32.8304113124088
0.3,45,0,tPCA_forecast_error,82.94307219337288
0.3,45,1,tPCA_forecast_error,22.168990993080385
0.3,46,0,tPCA_forecast_error,16.623409912201527
0.3,46,1,tPCA_forecast_error,7.403209685210992
0.3,47,0,tPCA_forecast_error,67.82250207323115
0.3,47,1,tPCA_forecast_error,29.483044152032967
0.3,48,0,tPCA_forecast_error,23.713602313344918
0.3,48,1,tPCA_forecast_error,24.637716134795646
0.3,49,0,tPCA_forecast_error,19.16342311964253
0.3,49,1,tPCA_forecast_error,19.628666453524897
0.5,0,0,tPCA_forecast_error,11.00477930728115
0.5,0,1,tPCA_forecast_error,30.948595258110792
0.5,1,0,tPCA_forecast_error,103.9016084296851
0.5,1,1,tPCA_forecast_error,69.77883894836657
0.5,2,0,tPCA_forecast_error,11.084648898196782
0.5,2,1,tPCA_forecast_error,69.87855438549411
0.5,3,0,tPCA_forecast_error,31.72245765734822
0.5,3,1,tPCA_forecast_error,25.584969214979466
0.5,4,0,tPCA_forecast_error,7.963335041344797
0.5,4,1,tPCA_forecast_error,16.195448741578684
0.5,5,0,tPCA_forecast_error,18.730110221634217
0.5,5,1,tPCA_forecast_error,69.28533897203265
0.5,6,0,tPCA_forecast_error,22.003742091824755
0.5,6,1,tPCA_forecast_error,44.89193159756371
0.5,7,0,tPCA_forecast_error,42.94618207159847
0.5,7,1,tPCA_forecast_error,46.38132295255957
0.5,8,0,tPCA_forecast_error,23.72319153110063
0.5,8,1,tPCA_forecast_error,24.70901216578966
0.5,9,0,tPCA_forecast_error,9.74269991377632
0.5,9,1,tPCA_forecast_error,4.393080063252317
0.5,10,0,tPCA_forecast_error,23.734771464814607
0.5,10,1,tPCA_forecast_error,39.654922565136594
0.5,11,0,tPCA_forecast_error,16.265213117810784
0.5,11,1,tPCA_forecast_error,22.379556471427254
0.5,12,0,tPCA_forecast_error,28.961621315956876
0.5,12,1,tPCA_forecast_error,32.03135308605943
0.5,13,0,tPCA_forecast_error,30.38505473866424
0.5,13,1,tPCA_forecast_error,20.29841130673196
0.5,14,0,tPCA_forecast_error,65.80686740615099
0.5,14,1,tPCA_forecast_error,16.42150686806517
0.5,15,0,tPCA_forecast_error,27.23180387166552
0.5,15,1,tPCA_forecast_error,45.68499031444545
0.5,16,0,tPCA_forecast_error,57.95072910340976
0.5,16,1,tPCA_forecast_error,47.38601193822099
0.5,17,0,tPCA_forecast_error,31.696936000392792
0.5,17,1,tPCA_forecast_error,85.17442448571293
0.5,18,0,tPCA_forecast_error,68.10073226313743
0.5,18,1,tPCA_forecast_error,81.02577496723111
0.5,19,0,tPCA_forecast_error,53.46474107277131
0.5,19,1,tPCA_forecast_error,31.213243269521033
0.5,20,0,tPCA_forecast_error,20.304328221534604
0.5,20,1,tPCA_forecast_error,27.186075657755676
0.5,21,0,tPCA_forecast_error,42.48864472299727
0.5,21,1,tPCA_forecast_error,29.47134030399074
0.5,22,0,tPCA_forecast_error,2.6640920281871923
0.5,22,1,tPCA_forecast_error,37.878078406598405
0.5,23,0,tPCA_forecast_error,18.669835056393232
0.5,23,1,tPCA_forecast_error,10.000463761615878
0.5,24,0,tPCA_forecast_error,13.113265674970926
0.5,24,1,tPCA_forecast_error,33.42031136390244
0.5,25,0,tPCA_forecast_error,32.66430029860081
0.5,25,1,tPCA_forecast_error,21.35449296396186
0.5,26,0,tPCA_forecast_error,62.857398617172876
0.5,26,1,tPCA_forecast_error,22.182157908111925
0.5,27,0,tPCA_forecast_error,37.33169847141051
0.5,27,1,tPCA_forecast_error,20.305582704595974
0.5,28,0,tPCA_forecast_error,24.95080970157054
0.5,28,1,tPCA_forecast_error,29.2199239495224
0.5,29,0,tPCA_forecast_error,51.23633745044387
0.5,29,1,tPCA_forecast_error,42.43171354204301
0.5,30,0,tPCA_forecast_error,41.513484749121524
0.5,30,1,tPCA_forecast_error,54.147990459953114
0.5,31,0,tPCA_forecast_error,25.109146768811918
0.5,31,1,tPCA_forecast_error,3.7409196208713373
0.5,32,0,tPCA_forecast_error,7.310437059436367
0.5,32,1,tPCA_forecast_error,42.88181092109409
0.5,33,0,tPCA_forecast_error,79.37570559381334
0.5,33,1,tPCA_forecast_error,64.33066178646376
0.5,34,0,tPCA_forecast_error,6.68850934115974
0.5,34,1,tPCA_forecast_error,60.24637554567611
0.5,35,0,tPCA_forecast_error,28.39837177446505
0.5,35,1,tPCA_forecast_error,88.09020326537824
0.5,36,0,tPCA_forecast_error,75.36149522002212
0.5,36,1,tPCA_forecast_error,73.77076229757019
0.5,37,0,tPCA_forecast_error,9.817767032303808
0.5,37,1,tPCA_forecast_error,19.459487372490525
0.5,38,0,tPCA_forecast_error,51.35992556929662
0.5,38,1,tPCA_forecast_error,57.69689478730914
0.5,39,0,tPCA_forecast_error,8.06582329074969
0.5,39,1,tPCA_forecast_error,31.06784566683152
0.5,40,0,tPCA_forecast_error,22.164827633634538
0.5,40,1,tPCA_forecast_error,38.19805092262834
0.5,41,0,tPCA_forecast_error,58.860218785443855
0.5,41,1,tPCA_forecast_error,75.37958206362991
0.5,42,0,tPCA_forecast_error,3.594959850008701
0.5,42,1,tPCA_forecast_error,5.935105029042375
0.5,43,0,tPCA_forecast_error,14.220937995393669
0.5,43,1,tPCA_forecast_error,48.482478738814805
0.5,44,0,tPCA_forecast_error,71.14122521773312
0.5,44,1,tPCA_forecast_error,64.75008327633412
0.5,45,0,tPCA_forecast_error,31.408284131370603
0.5,45,1,tPCA_forecast_error,30.846824832120078
0.5,46,0,tPCA_forecast_error,38.0222918037688
0.5,46,1,tPCA_forecast_error,55.96198863286396
0.5,47,0,tPCA_forecast_error,15.131476916613225
0.5,47,1,tPCA_forecast_error,51.19234966859019
0.5,48,0,tPCA_forecast_error,35.5867606566069
0.5,48,1,tPCA_forecast_error,33.631561849726225
0.5,49,0,tPCA_forecast_error,11.895823082661769
0.5,49,1,tPCA_forecast_error,18.625153130310316
0.7,0,0,tPCA_forecast_error,23.139652748498783
0.7,0,1,tPCA_forecast_error,40.30795031792533
0.7,1,0,tPCA_forecast_error,14.297372669384025
0.7,1,1,tPCA_forecast_error,13.21276507505454
0.7,2,0,tPCA_forecast_error,59.34294252591501
0.7,2,1,tPCA_forecast_error,39.89336789544332
0.7,3,0,tPCA_forecast_error,24.22619809655702
0.7,3,1,tPCA_forecast_error,29.35019790741238
0.7,4,0,tPCA_forecast_error,18.451299320449458
0.7,4,1,tPCA_forecast_error,18.979314177849286
0.7,5,0,tPCA_forecast_error,10.126184178614308
0.7,5,1,tPCA_forecast_error,20.970867166987723
0.7,6,0,tPCA_forecast_error,11.354936775175231
0.7,6,1,tPCA_forecast_error,14.449646252230668
0.7,7,0,tPCA_forecast_error,21.290935861101058
0.7,7,1,tPCA_forecast_error,51.94205824948605
0.7,8,0,tPCA_forecast_error,43.529217881267215
0.7,8,1,tPCA_forecast_error,78.4717403010124
0.7,9,0,tPCA_forecast_error,16.12344346730535
0.7,9,1,tPCA_forecast_error,31.421202741952563
0.7,10,0,tPCA_forecast_error,32.36606955498154
0.7,10,1,tPCA_forecast_error,108.58553653605804
0.7,11,0,tPCA_forecast_error,105.7240983892641
0.7,11,1,tPCA_forecast_error,78.65914866084776
0.7,12,0,tPCA_forecast_error,27.93647300168832
0.7,12,1,tPCA_forecast_error,57.75712201538147
0.7,13,0,tPCA_forecast_error,36.86200092913825
0.7,13,1,tPCA_forecast_error,64.38193102248634
0.7,14,0,tPCA_forecast_error,15.373107420166653
0.7,14,1,tPCA_forecast_error,30.088100209368346
0.7,15,0,tPCA_forecast_error,28.087493266452647
0.7,15,1,tPCA_forecast_error,28.42052353735518
0.7,16,0,tPCA_forecast_error,39.160503975514054
0.7,16,1,tPCA_forecast_error,21.088164591922652
0.7,17,0,tPCA_forecast_error,60.12070265318548
0.7,17,1,tPCA_forecast_error,37.10301007777574
0.7,18,0,tPCA_forecast_error,43.688261750382345
0.7,18,1,tPCA_forecast_error,30.333629324820485
0.7,19,0,tPCA_forecast_error,40.08856029012364
0.7,19,1,tPCA_forecast_error,32.41991023268752
0.7,20,0,tPCA_forecast_error,23.73733340819979
0.7,20,1,tPCA_forecast_error,29.894587698718087
0.7,21,0,tPCA_forecast_error,58.04104773006977
0.7,21,1,tPCA_forecast_error,74.36930832752327
0.7,22,0,tPCA_forecast_error,76.66893279658687
0.7,22,1,tPCA_forecast_error,76.89689316555913
0.7,23,0,tPCA_forecast_error,14.754579674067934
0.7,23,1,tPCA_forecast_error,41.57501326567701
0.7,24,0,tPCA_forecast_error,24.475889159253565
0.7,24,1,tPCA_forecast_error,13.246784148104528
0.7,25,0,tPCA_forecast_error,64.33878961763168
0.7,25,1,tPCA_forecast_error,26.84560748572204
0.7,26,0,tPCA_forecast_error,13.30458536487899
0.7,26,1,tPCA_forecast_error,37.01259351867763
0.7,27,0,tPCA_forecast_error,55.01871034480816
0.7,27,1,tPCA_forecast_error,79.47999159974758
0.7,28,0,tPCA_forecast_error,15.76230736242886
0.7,28,1,tPCA_forecast_error,29.953394732799584
0.7,29,0,tPCA_forecast_error,32.20511681270261
0.7,29,1,tPCA_forecast_error,62.3583560311274
0.7,30,0,tPCA_forecast_error,41.8465718207805
0.7,30,1,tPCA_forecast_error,31.698924696461972
0.7,31,0,tPCA_forecast_error,31.877592774615657
0.7,31,1,tPCA_forecast_error,47.19392261297492
0.7,32,0,tPCA_forecast_error,20.63823455593954
0.7,32,1,tPCA_forecast_error,82.5923821377433
0.7,33,0,tPCA_forecast_error,36.9878863083041
0.7,33,1,tPCA_forecast_error,54.24281757975997
0.7,34,0,tPCA_forecast_error,25.850063646182747
0.7,34,1,tPCA_forecast_error,13.47567850541201
0.7,35,0,tPCA_forecast_error,27.296262199606506
0.7,35,1,tPCA_forecast_error,38.667219233007664
0.7,36,0,tPCA_forecast_error,43.900331477712186
0.7,36,1,tPCA_forecast_error,46.53484126837338
0.7,37,0,tPCA_forecast_error,19.741247894338766
0.7,37,1,tPCA_forecast_error,27.363988272108323
0.7,38,0,tPCA_forecast_error,41.152336665357815
0.7,38,1,tPCA_forecast_error,69.98409903245003
0.7,39,0,tPCA_forecast_error,32.925104990705144
0.7,39,1,tPCA_forecast_error,15.166715956565595
0.7,40,0,tPCA_forecast_error,64.9591912769906
0.7,40,1,tPCA_forecast_error,15.944328059256542
0.7,41,0,tPCA_forecast_error,20.440219047720735
0.7,41,1,tPCA_forecast_error,51.669233639503226
0.7,42,0,tPCA_forecast_error,105.98602647610362
0.7,42,1,tPCA_forecast_error,54.52953959566718
0.7,43,0,tPCA_forecast_error,9.085739067949735
0.7,43,1,tPCA_forecast_error,55.32069109669681
0.7,44,0,tPCA_forecast_error,8.316592334139322
0.7,44,1,tPCA_forecast_error,19.528751415969005
0.7,45,0,tPCA_forecast_error,63.607041212269735
0.7,45,1,tPCA_forecast_error,108.1338954304048
0.7,46,0,tPCA_forecast_error,15.226293367358808
0.7,46,1,tPCA_forecast_error,31.099874053855178
0.7,47,0,tPCA_forecast_error,29.131825239754978
0.7,47,1,tPCA_forecast_error,29.024552595662545
0.7,48,0,tPCA_forecast_error,34.29691393004544
0.7,48,1,tPCA_forecast_error,31.65274684582577
0.7,49,0,tPCA_forecast_error,51.89721871969383
0.7,49,1,tPCA_forecast_error,30.586489071589334
0.9,0,0,tPCA_forecast_error,35.132255942532026
0.9,0,1,tPCA_forecast_error,42.24311220343246
0.9,1,0,tPCA_forecast_error,10.798125502590091
0.9,1,1,tPCA_forecast_error,31.712561232621514
0.9,2,0,tPCA_forecast_error,12.607896055723986
0.9,2,1,tPCA_forecast_error,14.075337842063416
0.9,3,0,tPCA_forecast_error,22.693070334104327
0.9,3,1,tPCA_forecast_error,25.215711469874055
0.9,4,0,tPCA_forecast_error,34.29794131402148
0.9,4,1,tPCA_forecast_error,29.666384234118738
0.9,5,0,tPCA_forecast_error,15.637324163446738
0.9,5,1,tPCA_forecast_error,20.761669594709616
0.9,6,0,tPCA_forecast_error,32.37442553392265
0.9,6,1,tPCA_forecast_error,98.8339245245219
0.9,7,0,tPCA_forecast_error,42.45370090705945
0.9,7,1,tPCA_forecast_error,72.66347446791484
0.9,8,0,tPCA_forecast_error,22.13370015749677
0.9,8,1,tPCA_forecast_error,33.831479458031936
0.9,9,0,tPCA_forecast_error,9.583779426975081
0.9,9,1,tPCA_forecast_error,37.03412002047626
0.9,10,0,tPCA_forecast_error,36.9186916111074
0.9,10,1,tPCA_forecast_error,13.883882394609293
0.9,11,0,tPCA_forecast_error,69.68364540709295
0.9,11,1,tPCA_forecast_error,15.163935005421132
0.9,12,0,tPCA_forecast_error,44.441630197042514
0.9,12,1,tPCA_forecast_error,50.68357449330442
0.9,13,0,tPCA_forecast_error,8.777046338248486
0.9,13,1,tPCA_forecast_error,22.68044593580729
0.9,14,0,tPCA_forecast_error,27.479983655039025
0.9,14,1,tPCA_forecast_error,39.330771075968016
0.9,15,0,tPCA_forecast_error,17.79975364096948
0.9,15,1,tPCA_forecast_error,32.731267622336546
0.9,16,0,tPCA_forecast_error,72.20467780328609
0.9,16,1,tPCA_forecast_error,80.07651384137759
0.9,17,0,tPCA_forecast_error,11.7157296398586
0.9,17,1,tPCA_forecast_error,20.1498200596365
0.9,18,0,tPCA_forecast_error,16.205701221430488
0.9,18,1,tPCA_forecast_error,46.791959221677565
0.9,19,0,tPCA_forecast_error,27.7390202370789
0.9,19,1,tPCA_forecast_error,49.38673064757807
0.9,20,0,tPCA_forecast_error,75.80185974229644
0.9,20,1,tPCA_forecast_error,156.38001459301103
0.9,21,0,tPCA_forecast_error,12.781546886309954
0.9,21,1,tPCA_forecast_error,50.65208442642193
0.9,22,0,tPCA_forecast_error,5.159410918327685
0.9,22,1,tPCA_forecast_error,39.95442952714952
0.9,23,0,tPCA_forecast_error,69.28385142385683
0.9,23,1,tPCA_forecast_error,79.30407727550968
0.9,24,0,tPCA_forecast_error,71.47557144799474
0.9,24,1,tPCA_forecast_error,56.01625659364414
0.9,25,0,tPCA_forecast_error,18.358655197170798
0.9,25,1,tPCA_forecast_error,29.42379310700684
0.9,26,0,tPCA_forecast_error,6.985823999060353
0.9,26,1,tPCA_forecast_error,28.539195760889477
0.9,27,0,tPCA_forecast_error,24.052634303788068
0.9,27,1,tPCA_forecast_error,37.25142499668011
0.9,28,0,tPCA_forecast_error,94.27210710577673
0.9,28,1,tPCA_forecast_error,137.19084564957933
0.9,29,0,tPCA_forecast_error,19.822690130571324
0.9,29,1,tPCA_forecast_error,69.33650829825613
0.9,30,0,tPCA_forecast_error,18.86092575064506
0.9,30,1,tPCA_forecast_error,22.948324890447395
0.9,31,0,tPCA_forecast_error,62.63611526819284
0.9,31,1,tPCA_forecast_error,95.69225877153906
0.9,32,0,tPCA_forecast_error,22.870390358098337
0.9,32,1,tPCA_forecast_error,34.808779431602815
0.9,33,0,tPCA_forecast_error,29.625665267506022
0.9,33,1,tPCA_forecast_error,22.46568060761704
0.9,34,0,tPCA_forecast_error,42.56425578104645
0.9,34,1,tPCA_forecast_error,29.22933143274556
0.9,35,0,tPCA_forecast_error,27.247780643012632
0.9,35,1,tPCA_forecast_error,44.459351222088266
0.9,36,0,tPCA_forecast_error,10.06564610288127
0.9,36,1,tPCA_forecast_error,32.290748592921226
0.9,37,0,tPCA_forecast_error,21.40310841321748
0.9,37,1,tPCA_forecast_error,31.05737535536004
0.9,38,0,tPCA_forecast_error,51.8013371090487
0.9,38,1,tPCA_forecast_error,96.13488043149711
0.9,39,0,tPCA_forecast_error,7.291923812798548
0.9,39,1,tPCA_forecast_error,28.643190448546218
0.9,40,0,tPCA_forecast_error,25.218010912102248
0.9,40,1,tPCA_forecast_error,17.80672356995918
0.9,41,0,tPCA_forecast_error,11.378994035970468
0.9,41,1,tPCA_forecast_error,44.64747125271315
0.9,42,0,tPCA_forecast_error,19.743521399863532
0.9,42,1,tPCA_forecast_error,43.31405239849946
0.9,43,0,tPCA_forecast_error,73.37345906868475
0.9,43,1,tPCA_forecast_error,99.02349447140281
0.9,44,0,tPCA_forecast_error,33.186442063664124
0.9,44,1,tPCA_forecast_error,40.27536078330063
0.9,45,0,tPCA_forecast_error,41.90743286993898
0.9,45,1,tPCA_forecast_error,47.87236561561099
0.9,46,0,tPCA_forecast_error,35.35404100119609
0.9,46,1,tPCA_forecast_error,64.77884631062274
0.9,47,0,tPCA_forecast_error,33.94852566476398
0.9,47,1,tPCA_forecast_error,27.582211738961508
0.9,48,0,tPCA_forecast_error,15.569883504467887
0.9,48,1,tPCA_forecast_error,43.5691543462074
0.9,49,0,tPCA_forecast_error,14.2431957507106
0.9,49,1,tPCA_forecast_error,72.51842226320417
